{
    "rows": 3,
    "cols": 3,
    "type": 6,
    "mat": [
        [39.74380527247439, 0.0, 319.49701008662845],
        [0.0, 18.97904869528608, 239.49934671730912],
        [0.0, 0.0, 1.0]]
}